id,name,age,job_title
1,松井 隼人,90,野球選手
2,中島 舞,66,営業
3,小山 愛,83,高校教師
4,小川 大地,72,サッカー選手
5,佐野 陽,28,中学校教師
6,野村 優斗,33,マーケター
7,鈴木 莉子,51,営業
8,上野 悠,58,野球選手
9,藤本 優花,25,消防士
10,松尾 奏太,83,教授
11,宮本 愛美,34,野球選手
12,石井 楓,26,データエンジニア
13,中川 優菜,80,高校教師
14,山崎 さくら,46,教授
15,井上 匠,31,Web系エンジニア
16,宮本 一郎,85,消防士
17,小川 結菜,44,教授
18,斎藤 玲奈,88,データエンジニア
19,小野 隼人,43,小学校教師
20,小島 美咲,50,小学校教師
21,大塚 彩花,63,野球選手
22,田村 未来,64,小学校教師
23,高田 陸,79,リクルーター
24,福田 楓,53,高校教師
25,清水 翔,58,高校教師
26,青木 愛,34,野球選手
27,岩崎 奏太,59,リクルーター
28,野村 匠,74,中学校教師
29,佐野 優,46,教授
30,藤田 悠太,68,データエンジニア
31,伊藤 仁,67,高校教師
32,村上 一郎,81,小学校教師
33,森田 大輝,79,消防士
34,大塚 芽衣,42,教授
35,斉藤 陽太,83,警察官
36,大塚 一輝,38,中学校教師
37,長谷川 優那,26,Web系エンジニア
38,石川 陸,84,サッカー選手
39,西村 大樹,48,マーケター
40,井上 悠,41,野球選手
41,斉藤 楓,21,消防士
42,岡本 未来,61,データエンジニア
43,岡本 健太,32,警察官
44,佐野 凛,77,消防士
45,前田 美緒,85,小学校教師
46,大野 陽斗,32,サッカー選手
47,酒井 花音,45,マーケター
48,和田 茜,78,小学校教師
49,西村 空,49,マーケター
50,近藤 陽子,82,小学校教師
51,菊地 花音,57,高校教師
52,森 遥,52,営業
53,中川 美月,66,消防士
54,鈴木 彩乃,58,中学校教師
55,清水 悠太,22,コンサルタント
56,竹内 大輝,51,小学校教師
57,長谷川 大和,75,教授
58,岡田 碧,34,教授
59,高田 結衣,91,データエンジニア
60,福田 瑛太,84,リクルーター
61,青木 真央,63,営業
62,佐々木 美緒,77,営業
63,坂本 陽太,86,警察官
64,小野 碧,86,野球選手
65,中山 亮,38,マーケター
66,小島 結菜,64,リクルーター
67,森田 陽,39,サッカー選手
68,小野 悠人,59,コンサルタント
69,後藤 亮太,58,リクルーター
70,中村 諒,31,警察官
71,木下 優衣,84,Web系エンジニア
72,佐藤 美桜,60,小学校教師
73,山本 翼,64,データエンジニア
74,後藤 美羽,90,高校教師
75,岡田 葵,77,高校教師
76,高田 結菜,31,教授
77,橋本 誠,49,データエンジニア
78,太田 悠人,57,Web系エンジニア
79,後藤 彩,75,野球選手
80,山本 悠人,32,高校教師
81,松尾 莉子,23,高校教師
82,渡部 茜,39,データエンジニア
83,後藤 海斗,33,中学校教師
84,高木 隼人,82,教授
85,岡本 空,48,小学校教師
86,橋本 陽菜,87,教授
87,西村 琴音,78,消防士
88,原 大翔,87,営業
89,近藤 未来,62,高校教師
90,太田 悠斗,70,サッカー選手
91,菊地 凛,65,警察官
92,山田 芽衣,59,警察官
93,林 彩,55,消防士
94,今井 優衣,55,野球選手
95,青木 碧,77,小学校教師
96,橋本 楓,62,リクルーター
97,清水 悠斗,27,サッカー選手
98,渡辺 碧,33,教授
99,林 智子,42,リクルーター
100,増田 拓海,37,コンサルタント
